# word	Uzbek gloss	[optional English definition replacing a weak NGSL one]
difficulty	qiyinchilik
purchase	sotib olmoq; xarid
shoot	otmoq; (to’pni) zarba bilan tepmoq	to fire a gun or arrow; to kick or throw a ball at a goal
announce	e’lon qilmoq
unless	agar … bo’lmasa
independent	mustaqil
recommend	tavsiya qilmoq
survey	so’rovnoma; so’rov o’tkazmoq
majority	ko’pchilik
stick	tayoq; yopishtirmoq
request	so’ramoq; iltimos
rich	boy
wind	shamol
none	hech biri; hech qancha
exchange	almashmoq; almashuv
budget	byudjet
famous	mashhur
blood	qon
appropriate	munosib, mos
block	to’smoq; blok
warm	iliq
count	sanamoq
scene	sahna; voqea joyi
writer	yozuvchi
content	mazmun, kontent
prevent	oldini olmoq
safe	xavfsiz
invite	taklif qilmoq
mix	aralashtirmoq
element	unsur, element
effective	samarali
correct	to’g’ri
medical	tibbiy
admit	tan olmoq
beat	yengmoq; urmoq
telephone	telefon
copy	nusxa; nusxa ko’chirmoq
committee	qo’mita
aware	xabardor
advice	maslahat
handle	uddalamoq; dasta
glass	shisha; stakan
trial	sud jarayoni; sinov	a legal process in a court; a test of how well something works
stress	stress, ruhiy zo’riqish
radio	radio
administration	ma’muriyat; boshqaruv
complex	murakkab
text	matn
context	kontekst, vaziyat
ride	minmoq (otga, velosipedga)
directly	to’g’ridan-to’g’ri
heavy	og’ir
remove	olib tashlamoq
conduct	o’tkazmoq, olib bormoq
equipment	jihozlar, uskunalar
otherwise	aks holda
title	sarlavha; nom
extra	qo’shimcha
executive	rahbar, ijrochi
chair	stul; raislik qilmoq
expensive	qimmat
sample	namuna; tatib ko’rmoq
sex	jins
deliver	yetkazib bermoq
video	video
connection	bog’lanish, aloqa
primary	asosiy, birlamchi
weather	ob-havo
collect	yig’moq
inform	xabar bermoq
principle	tamoyil, prinsip
straight	to’g’ri, tekis
appeal	murojaat qilmoq; jozibasi bo’lmoq
highly	juda, yuqori darajada
trust	ishonmoq; ishonch
wonderful	ajoyib
flat	tekis; kvartira
absolutely	mutlaqo, butunlay
flow	oqmoq; oqim
fair	adolatli
additional	qo’shimcha
responsible	mas’ul, javobgar
farm	ferma, xo’jalik
collection	to’plam, kolleksiya
hang	osmoq
negative	salbiy
band	guruh (musiqa); tasma
relative	nisbiy; qarindosh
tour	sayohat, tur
alternative	muqobil
software	dasturiy ta’minot	programs that run on a computer or phone
pair	juft
ship	kema
attitude	munosabat
cheap	arzon
double	ikki baravar
leg	oyoq
observe	kuzatmoq
sentence	gap, jumla; hukm
print	chop etmoq
progress	taraqqiyot; oldinga siljimoq
truth	haqiqat
nobody	hech kim
examine	tekshirmoq, ko’zdan kechirmoq
lay	qo’ymoq, yotqizmoq
speed	tezlik
politics	siyosat
reply	javob bermoq
display	ko’rsatmoq; namoyish
transfer	o’tkazmoq, ko’chirmoq
perfect	mukammal
slightly	biroz
overall	umuman olganda
intend	niyat qilmoq
user	foydalanuvchi
respond	javob bermoq
dinner	kechki ovqat
slow	sekin
regular	muntazam
physical	jismoniy
apart	alohida, bir-biridan uzoq
suit	mos kelmoq; kostyum
federal	federal	relating to the central government of a country made of states
reveal	oshkor qilmoq
percentage	foiz
peace	tinchlik
status	maqom, holat
crime	jinoyat
decline	rad etmoq; kamaymoq
decade	o’n yillik
launch	boshlamoq, ishga tushirmoq
warn	ogohlantirmoq
consumer	iste’molchi
favor	yaxshilik, iltifot
dry	quruq
partner	hamkor, sherik
institution	muassasa
spot	payqab qolmoq; joy, dog’
horse	ot
eventually	oxir-oqibat
heat	isitmoq; issiqlik
excite	hayajonlantirmoq
reader	o’quvchi, kitobxon
importance	ahamiyat
distance	masofa
guide	yo’l ko’rsatmoq; gid
grant	bermoq, ruxsat bermoq; grant
taxi	taksi
feed	ovqatlantirmoq, boqmoq
pain	og’riq
sector	soha, sektor
mistake	xato
ensure	ta’minlamoq, kafolatlamoq
satisfy	qoniqtirmoq
chief	bosh, asosiy; boshliq
cool	salqin
expert	mutaxassis
wave	qo’l silkitmoq; to’lqin
south	janub
labor	mehnat
surface	sirt, yuza
library	kutubxona
excellent	a’lo, zo’r
edge	chet, qirra
camp	lager
audience	tomoshabinlar, tinglovchilar
lift	ko’tarmoq
procedure	tartib, protsedura
email	elektron pochta	a message sent from one computer or phone to another
global	global, butun dunyoga oid
struggle	kurashmoq, qiynalmoq
advertise	reklama qilmoq
select	tanlamoq
surround	o’rab olmoq
extent	daraja, ko’lam
river	daryo
annual	yillik
fully	to’liq
contrast	qarama-qarshilik; solishtirmoq
roll	dumalamoq
reality	haqiqat, voqelik
photograph	fotosurat
artist	rassom, san’atkor
conflict	ziddiyat, nizo
entire	butun
presence	mavjudlik, ishtirok
crowd	olomon
corner	burchak
gas	gaz
shift	o’zgarmoq, siljimoq; smena
net	to’r
category	toifa, kategoriya
secretary	kotib
defense	himoya, mudofaa
quick	tez
cook	ovqat pishirmoq
spread	yoymoq, tarqatmoq
nuclear	yadroviy
scale	tarozi; miqyos
driver	haydovchi
ball	to’p
cry	yig’lamoq
introduction	tanishtirish; kirish qism
requirement	talab
north	shimol
confirm	tasdiqlamoq
senior	katta, yuqori lavozimdagi
photo	surat
refuse	rad etmoq
transport	tashimoq; transport
emerge	paydo bo’lmoq
map	xarita
concept	tushuncha, konsepsiya
island	orol
reform	islohot
neither	ikkalasi ham … emas
football	futbol
survive	omon qolmoq
flight	parvoz
left	chap
solve	hal qilmoq, yechmoq
neighbor	qo’shni
background	fon; kelib chiqish
technique	usul, texnika
traffic	transport harakati, tirbandlik	the cars and other vehicles moving on roads
improvement	yaxshilanish
tool	asbob, vosita
consequence	oqibat
circumstance	holat, sharoit
smoke	chekmoq; tutun
reaction	munosabat, reaksiya
rain	yomg’ir
busy	band
lesson	dars
brain	miya
mass	massa, ko’p miqdor
funny	kulgili
contribute	hissa qo’shmoq
failure	muvaffaqiyatsizlik
schedule	jadval; rejalashtirmoq
speaker	ma’ruzachi; karnay
bottom	pastki qism, tag
adopt	qabul qilmoq; asrab olmoq
combine	birlashtirmoq
mountain	tog’
waste	isrof qilmoq; chiqindi
hide	yashirmoq, berkinmoq
marriage	nikoh, turmush
ticket	chipta
meal	ovqat, taom
colleague	hamkasb
bag	sumka
repeat	takrorlamoq
equal	teng
expression	ifoda
plus	plyus; qo’shuv	added to; a positive point or advantage
extremely	nihoyatda, juda
owner	egasi
plane	samolyot
commercial	tijoriy; reklama roligi
lady	xonim
duty	burch, vazifa
strength	kuch
connect	ulamoq, bog’lamoq
cultural	madaniy
arrange	tartibga solmoq; uyushtirmoq
scheme	sxema, reja (ko’pincha hiylali)
payment	to’lov
unfortunately	afsuski
brief	qisqa
bird	qush
demonstrate	ko’rsatib bermoq, namoyish qilmoq
contribution	hissa
appreciate	qadrlamoq; minnatdor bo’lmoq
chapter	bob
secret	sir; maxfiy
apparently	aftidan, ko’rinishidan
novel	roman
union	ittifoq; kasaba uyushmasi
burn	yonmoq, kuydirmoq
trend	tendensiya, yo’nalish
initial	dastlabki
pleasure	zavq, mamnuniyat
suggestion	taklif
critical	hal qiluvchi, muhim; tanqidiy
gather	yig’moq, to’plamoq
mostly	asosan
earth	yer (sayyora)
pop	yorilmoq; to’satdan paydo bo’lmoq
essential	zarur, muhim
desire	xohish; istamoq
promote	targ’ib qilmoq; lavozimini oshirmoq
currently	hozirda
employ	ishga olmoq
path	so’qmoq, yo’l
topic	mavzu
beach	sohil, plyaj
attract	jalb qilmoq
engage	jalb qilmoq; shug’ullanmoq
powerful	kuchli, qudratli
flower	gul
crisis	inqiroz
settle	joylashmoq; hal qilmoq
boat	qayiq
aid	yordam; yordam bermoq
fan	muxlis; yelpig’ich	a person who likes someone or something very much; a device that moves air to cool you
kitchen	oshxona
twice	ikki marta
fresh	yangi, toza
delay	kechiktirmoq; kechikish
safety	xavfsizlik
engineer	muhandis
quiet	jim, sokin
insurance	sug’urta
nurse	hamshira
divide	bo’lmoq
length	uzunlik
investigation	tergov, tekshiruv
package	posilka, quti
somewhere	qayerdadir
expand	kengaytirmoq
commit	sodir etmoq (jinoyat); o’zini bag’ishlamoq
obvious	aniq-ravshan
jump	sakramoq
weapon	qurol
relatively	nisbatan
host	mezbon
winter	qish
district	tuman
broad	keng
tire	charchamoq	to become tired; to make someone tired
spring	bahor
spirit	ruh
lunch	tushlik
actual	haqiqiy
pool	basseyn, hovuz
battle	jang
tradition	an’ana
cash	naqd pul
hardly	deyarli … emas
award	mukofot; mukofotlamoq
coach	murabbiy
experiment	tajriba
consideration	e’tibor, mulohaza
strange	g’alati
code	kod
possibly	ehtimol
threat	tahdid
accident	baxtsiz hodisa, avariya
impossible	imkonsiz
revenue	daromad
enable	imkon bermoq
afraid	qo’rqqan
active	faol
conclude	xulosa qilmoq; yakunlamoq
religious	diniy
cancer	saraton
convince	ishontirmoq
vary	o’zgarib turmoq, farq qilmoq
environmental	ekologik, atrof-muhitga oid
sun	quyosh
healthy	sog’lom
blow	puflamoq; esmoq
volume	ovoz balandligi; hajm; jild
location	joylashuv
invest	sarmoya kiritmoq
proceed	davom etmoq
wash	yuvmoq
actor	aktyor
glad	xursand
tape	lenta, skotch; yopishtirmoq
whereas	holbuki, vaholanki
opposite	qarama-qarshi
stone	tosh
sum	yig’indi, summa
murder	qotillik
monitor	monitor; kuzatmoq
soldier	askar
finance	moliya
hate	nafratlanmoq
egg	tuxum
concert	konsert
shock	shok, larza
comfortable	qulay
usual	odatdagi
carefully	ehtiyotkorlik bilan
pack	joylamoq (sumkaga)
recall	eslamoq
camera	kamera, fotoapparat
swim	suzmoq
manufacture	ishlab chiqarmoq
theater	teatr
cycle	sikl, davra
coffee	qahva
totally	butunlay
museum	muzey
visitor	tashrif buyuruvchi
freedom	erkinlik
construction	qurilish
dear	aziz, qadrdon
objective	maqsad; xolis
moreover	bundan tashqari
onto	ustiga
historical	tarixiy
oppose	qarshi chiqmoq
branch	shox; filial
vehicle	transport vositasi
scientist	olim
route	yo’nalish, marshrut
bind	bog’lamoq
belong	tegishli bo’lmoq
taste	ta’m
tonight	bugun kechqurun
fashion	moda
danger	xavf
bomb	bomba
army	armiya
dangerous	xavfli
decrease	kamaymoq, kamaytirmoq
hurt	og’ritmoq, shikast yetkazmoq
council	kengash
editor	muharrir
normally	odatda
sight	ko’rish qobiliyati; manzara
generate	ishlab chiqarmoq, hosil qilmoq
gift	sovg’a
delivery	yetkazib berish
deny	inkor qilmoq
guest	mehmon
anybody	har kim; hech kim (inkorda)
bedroom	yotoqxona
quote	iqtibos keltirmoq
climb	chiqmoq, tirmashmoq
basically	asosan, aslida
violence	zo’ravonlik
minister	vazir
mainly	asosan
mouth	og’iz
noise	shovqin
manner	uslub, tarz
gun	qurol, miltiq
square	kvadrat; maydon
occasion	munosabat, voqea
familiar	tanish
ignore	e’tiborsiz qoldirmoq
destroy	vayron qilmoq
affair	ish, voqea
civil	fuqarolik
locate	topmoq, joylashtirmoq
citizen	fuqaro
temperature	harorat
gold	oltin
domestic	ichki; uy-ro’zg’orga oid
load	yuk
belief	e’tiqod, ishonch
troop	qo’shin
technical	texnik
remind	eslatmoq
arrangement	kelishuv; tayyorgarlik
skin	teri
prison	qamoqxona
switch	almashtirmoq; kalit (tugma)
acquire	egallamoq, qo’lga kiritmoq
corporate	korporativ
fairly	ancha; adolatli ravishda
wood	yog’och
participate	ishtirok etmoq
tough	qiyin; mustahkam
tear	yirtmoq; ko’z yoshi
representative	vakil; xos
capacity	sig’im; imkoniyat
border	chegara
shake	silkitmoq
assessment	baho, baholash
shoe	poyabzal
ought	… kerak (ought to)
ad	reklama, e’lon
fee	to’lov, haq
hall	zal; dahliz
regulation	qoida, tartib
escape	qochmoq
studio	studiya
proper	to’g’ri, munosib
relax	dam olmoq
tourist	sayyoh
component	tarkibiy qism
afford	(pulga) qurbi yetmoq
lawyer	advokat, huquqshunos
suspect	gumon qilmoq; gumondor
cup	piyola, chashka
description	tavsif
confidence	o’ziga ishonch
industrial	sanoat
complain	shikoyat qilmoq
perspective	nuqtai nazar
error	xato
arrest	hibsga olmoq
assess	baholamoq
register	ro’yxatdan o’tmoq
asset	boylik, aktiv; qimmatli narsa
signal	signal, ishora
finger	barmoq
relevant	tegishli, dolzarb
explore	o’rganmoq, tadqiq qilmoq
leadership	yetakchilik
commitment	majburiyat, sadoqat
wake	uyg’onmoq; uyg’otmoq
necessarily	albatta, shart ravishda
bright	yorqin
frame	ramka; asos	the structure that gives something its shape; the border around a picture
slowly	sekin-asta
bond	rishta, bog’liqlik
hire	yollamoq, ishga olmoq
hole	teshik, chuqur
tie	bog’lamoq; galstuk
internal	ichki
chain	zanjir
literature	adabiyot
victim	qurbon, jabrlanuvchi
threaten	tahdid qilmoq
division	bo’linish; bo’lim
secure	himoyalamoq; xavfsiz
amaze	hayratga solmoq
device	qurilma
birth	tug’ilish
forest	o’rmon
label	yorliq
root	ildiz
factory	zavod, fabrika
expense	xarajat
channel	kanal
investigate	tekshirmoq, tergov qilmoq
recommendation	tavsiya
rank	daraja; o’rin
typical	odatiy, tipik
west	g’arb
friendly	do’stona
resident	aholi, yashovchi
provision	ta’minot; (qonundagi) band
concentrate	diqqatni jamlamoq
plenty	mo’l-ko’l, yetarlicha
export	eksport qilmoq
entirely	butunlay
strongly	qattiq, kuchli ravishda
bridge	ko’prik
consist	iborat bo’lmoq
graduate	bitirmoq; bitiruvchi
brand	brend, tamg’a
moral	axloqiy
insist	turib olmoq
combination	birikma, uyg’unlik
abuse	suiiste’mol qilmoq; zo’ravonlik
ice	muz
principal	asosiy; maktab direktori
master	usta; xo’jayin; egallamoq
definitely	shubhasiz, albatta
session	sessiya, mashg’ulot
grade	sinf; baho
nevertheless	shunga qaramay
predict	bashorat qilmoq
previously	ilgari
protection	himoya
largely	asosan
wed	turmush qurmoq
rent	ijaraga olmoq; ijara haqi
shot	otish; zarba
appearance	tashqi ko’rinish
reasonable	oqilona, maqbul
guarantee	kafolat; kafolatlamoq
till	… gacha
theme	mavzu
judgment	fikr, mulohaza; hukm
odd	g’alati; toq (son)
approve	ma’qullamoq
loan	qarz, kredit
definition	ta’rif
elect	saylamoq
atmosphere	atmosfera; muhit
farmer	fermer, dehqon
comparison	taqqoslash
characteristic	xususiyat
license	litsenziya, guvohnoma
rely	tayanmoq, ishonmoq
narrow	tor
succeed	muvaffaqiyatga erishmoq
identity	shaxs, o’ziga xoslik
desk	yozuv stoli, parta
permit	ruxsat bermoq; ruxsatnoma
seriously	jiddiy
wild	yovvoyi
empty	bo’sh
commission	komissiya
unique	noyob, yagona
association	uyushma, assotsiatsiya
instrument	asbob; cholg’u
investor	investor
practical	amaliy
tea	choy
lovely	yoqimli, chiroyli
soft	yumshoq
row	qator
youth	yoshlik; yoshlar
lock	qulflamoq; qulf
fuel	yoqilg’i
expectation	kutish, umid
employment	ish bilan bandlik
celebrate	nishonlamoq
shoulder	yelka
breath	nafas
increasingly	tobora
import	import qilmoq
bottle	shisha (idish)
ourselves	o’zimiz
sheet	choyshab; varaq
engine	dvigatel
cast	tashlamoq; aktyorlar tarkibi
notion	tushuncha, fikr
conservative	konservativ, an’anaparast
journey	safar
opposition	qarshilik; muxolifat
relief	yengillik
debt	qarz
honor	sharaf, hurmat
outcome	natija
blame	ayblamoq
explanation	tushuntirish
arise	yuzaga kelmoq
musical	musiqiy; myuzikl
recover	tuzalmoq; tiklanmoq
dad	dada
stretch	cho’zmoq
declare	e’lon qilmoq
retire	nafaqaga chiqmoq
tiny	juda kichik
careful	ehtiyotkor
suitable	mos, yaroqli
native	ona (tili), tug’ilgan joyga oid
fruit	meva
analyze	tahlil qilmoq
witness	guvoh
mail	pochta
terrible	dahshatli
researcher	tadqiqotchi
ordinary	oddiy
selection	tanlov, saralash
anywhere	istalgan joyda; hech qayerda (inkorda)
mental	ruhiy, aqliy
participant	ishtirokchi
vision	ko’rish; orzu, tasavvur
personality	shaxsiyat, xarakter
specifically	aynan, xususan
fat	yog’; semiz
entry	kirish
fellow	hamroh, safdosh
chemical	kimyoviy modda
capture	qo’lga olmoq
tip	maslahat; uchi
discount	chegirma
peak	cho’qqi
chairman	rais
proportion	nisbat, ulush
ear	quloq
disappear	g’oyib bo’lmoq
shout	baqirmoq
yard	hovli
constant	doimiy
significantly	sezilarli darajada
hill	tepalik
considerable	ancha katta, sezilarli
instruction	ko’rsatma
intelligence	aql, zakovat
ideal	ideal, mukammal
folk	xalq; odamlar
surely	shubhasiz
guard	qo’riqlamoq; qo’riqchi
cat	mushuk
somewhat	biroz
presentation	taqdimot
joint	bo’g’im; qo’shma
compete	musobaqalashmoq, raqobatlashmoq
poll	so’rov
weak	kuchsiz, zaif
faith	ishonch, e’tiqod
reduction	qisqartirish, kamayish
reserve	band qilmoq; zaxira
complaint	shikoyat
bore	zeriktirmoq
mission	vazifa, missiya
somehow	qandaydir yo’l bilan
tone	ohang
neighborhood	mahalla
passenger	yo’lovchi
justice	adolat
phase	bosqich
thin	ingichka, yupqa
rush	shoshilmoq
formal	rasmiy
religion	din
employer	ish beruvchi
reject	rad etmoq
latter	keyingisi (ikkinchisi)
plate	likopcha
ban	taqiqlamoq
steal	o’g’irlamoq
protest	norozilik bildirmoq
index	ko’rsatkich, indeks
sad	g’amgin
frequently	tez-tez
circle	doira
helpful	foydali, yordam beradigan
command	buyurmoq; buyruq
attractive	jozibali
sick	kasal
impression	taassurot
unable	qodir emas
joke	hazil
sky	osmon
column	ustun
electronic	elektron
impose	majburlamoq, joriy etmoq
criminal	jinoyatchi; jinoiy
besides	bundan tashqari
properly	to’g’ri, lozim darajada
ancient	qadimiy
coast	sohil
ill	kasal
kick	tepmoq
closely	yaqindan
multiple	ko’p sonli
yield	bermoq (hosil); yon bermoq
via	orqali
legislation	qonunchilik
county	okrug, viloyat
unlike	… dan farqli o’laroq
mobile	ko’chma, mobil
assistant	yordamchi
implement	amalga oshirmoq
chart	diagramma, jadval
attach	biriktirmoq
everywhere	hamma joyda
advise	maslahat bermoq
household	xonadon
acknowledge	tan olmoq
reward	mukofot; taqdirlamoq
east	sharq
hat	shlyapa, bosh kiyim
academic	akademik, ilmiy
voter	saylovchi
meanwhile	shu orada
furthermore	bundan tashqari
accuse	ayblamoq
scientific	ilmiy
wage	ish haqi
absence	yo’qlik, qatnashmaslik
construct	qurmoq
remark	izoh; fikr bildirmoq
medicine	dori; tibbiyot
professor	professor
rare	noyob, kam uchraydigan
intention	niyat
dozen	o’n ikkita (dyujina)
settlement	kelishuv; aholi punkti
gap	bo’shliq, oraliq
widely	keng miqyosda
minimum	minimal, eng kam
northern	shimoliy
estate	mulk, yer-mulk
equally	teng ravishda
expose	fosh qilmoq, ochib qo’ymoq
alive	tirik
shut	yopmoq
victory	g’alaba
resolve	hal qilmoq
critic	tanqidchi
variable	o’zgaruvchan; o’zgaruvchi
enormous	ulkan
sweet	shirin
permanent	doimiy
emotion	his-tuyg’u
pursue	ta’qib qilmoq; intilmoq
tall	baland bo’yli
urge	undamoq
enemy	dushman
appoint	tayinlamoq
milk	sut
talent	iste’dod
smell	hidlamoq; hid
prior	oldingi
priority	ustuvor vazifa
online	onlayn
phrase	ibora
pilot	uchuvchi
stable	barqaror
merely	shunchaki, faqat
resolution	qaror
communicate	muloqot qilmoq
injury	jarohat
vast	ulkan, keng
exhibition	ko’rgazma
producer	ishlab chiqaruvchi; prodyuser
regional	mintaqaviy
immediate	darhol, zudlik bilan
incident	hodisa
childhood	bolalik
draft	qoralama
slip	sirpanmoq
accompany	hamrohlik qilmoq
politician	siyosatchi
angry	jahldor, g’azablangan
knock	taqillatmoq
seed	urug’
salary	maosh
illustrate	misol bilan tushuntirmoq
imply	ishora qilmoq
breakfast	nonushta
temporary	vaqtinchalik
liberal	liberal, erkin fikrli
lake	ko’l
qualify	malaka olmoq; huquqli bo’lmoq
competitive	raqobatbardosh
truly	chindan ham
hi	salom
yellow	sariq
habit	odat
disk	disk
core	o’zak, markaz
emotional	hissiy
aircraft	havo kemasi, samolyot
self	o’zlik, shaxs
metal	metall
existence	mavjudlik
bone	suyak
panel	panel; hay’at
prime	asosiy, bosh
appointment	uchrashuv (oldindan belgilangan)
emphasize	ta’kidlamoq
maximum	maksimal, eng ko’p
effectively	samarali ravishda
elsewhere	boshqa joyda
bother	bezovta qilmoq; ovora bo’lmoq
initiative	tashabbus
sharp	o’tkir
diet	parhez, ovqatlanish tartibi
motion	harakat
gray	kulrang
plastic	plastmassa
complicate	murakkablashtirmoq
discipline	intizom
disappoint	hafsalasini pir qilmoq
boss	boshliq
assumption	taxmin, faraz
freeze	muzlamoq
extreme	haddan tashqari
passage	yo’lak; parcha (matndan)
reputation	obro’
forth	oldinga
negotiation	muzokara
mechanism	mexanizm
coat	palto
democracy	demokratiya
pocket	cho’ntak
lucky	omadli
crash	to’qnashmoq; halokat
observation	kuzatuv
meat	go’sht
concentration	diqqat; konsentratsiya
implication	oqibat, ta’sir
deserve	loyiq bo’lmoq
unusual	g’ayrioddiy
defend	himoya qilmoq
classic	mumtoz, klassik
king	qirol
interaction	o’zaro ta’sir
repair	ta’mirlamoq
collapse	qulamoq
borrow	qarzga olmoq
fundamental	tub, asosiy
dish	taom; idish
abroad	chet elda
soul	qalb, ruh
capable	qodir
defeat	mag’lub etmoq
presidential	prezidentlik
perfectly	mukammal darajada
enhance	yaxshilamoq, kuchaytirmoq
proud	faxrlangan
emergency	favqulodda holat
educational	ta’limiy
distinguish	farqlamoq
substantial	salmoqli
nearby	yaqin atrofda
manufacturer	ishlab chiqaruvchi
slide	sirg’anmoq
valuable	qimmatli
personally	shaxsan
cope	bardosh bermoq, uddalamoq
approximately	taxminan
accommodation	turar joy
highlight	eng muhim qism; ta’kidlamoq
reporter	muxbir
climate	iqlim
shirt	ko’ylak
exception	istisno
corporation	korporatsiya
chip	parcha, bo’lak; chip
winner	g’olib
encounter	duch kelmoq
brown	jigarrang
breathe	nafas olmoq
excuse	bahona; kechirmoq
partly	qisman
tennis	tennis
urban	shaharga oid
confuse	chalkashtirmoq
southern	janubiy
output	mahsulot, natija
beauty	go’zallik
massive	juda katta
install	o’rnatmoq
calculate	hisoblamoq
mouse	sichqon
mathematics	matematika
upper	yuqori
creation	yaratish, ijod
occupy	egallamoq
outline	reja, qisqacha bayon
sufficient	yetarli
update	yangilamoq
luck	omad
preserve	saqlab qolmoq
split	bo’lmoq, ajratmoq
swing	tebranmoq
illness	kasallik
journalist	jurnalist
sudden	to’satdan
advertisement	reklama
consistent	izchil, barqaror
originally	dastlab
aside	chetga
comfort	qulaylik, tasalli
secondly	ikkinchidan
severe	jiddiy, og’ir
gene	gen
prospect	istiqbol
snow	qor
plot	syujet; fitna
neck	bo’yin
criteria	mezonlar
primarily	asosan
integrate	birlashtirmoq
criticism	tanqid
convention	anjuman; odat
retain	saqlab qolmoq
sequence	ketma-ketlik
plain	oddiy, tushunarli
volunteer	ko’ngilli
rural	qishloqqa oid
calm	xotirjam
abandon	tashlab ketmoq
examination	imtihon; tekshiruv
silence	sukunat
rapidly	tez sur’atda
efficient	samarali, unumli
revolution	inqilob
delight	zavq, quvonch
spell	harflab aytmoq (imlo)
premise	asos, dastlabki fikr
lean	suyanmoq; yog’siz
dramatic	keskin; dramatik
differ	farq qilmoq
grateful	minnatdor
protein	oqsil
bike	velosiped
distribute	tarqatmoq
intellectual	intellektual, aqliy
derive	kelib chiqmoq, olmoq
crucial	hal qiluvchi
unemployment	ishsizlik
wheel	g’ildirak
crop	hosil, ekin
minority	ozchilik
origin	kelib chiqish
interpretation	talqin
gentleman	janob
drama	drama
landscape	manzara
educate	o’qitmoq, tarbiyalamoq
toy	o’yinchoq
fault	ayb; nuqson
exhibit	namoyish qilmoq
minor	kichik, ahamiyatsiz
hunt	ov qilmoq
storm	bo’ron
thick	qalin
